name,time,lBits
serial,1244.3710981250042,1550
serial_numpy,1287.9017122819932,1550
multiprocessing,374.51003878399206,1550
multiprocessing_numpy,366.3094399200054,1550
