name,time,lBits
serial,1716.0545022249862,1725
serial_numpy,1779.6036582910165,1725
multiprocessing,534.7489561749971,1725
multiprocessing_numpy,489.4063310409838,1725
