name,time,lBits
serial,1930.6122479279875,1800
serial_numpy,1952.7260599049914,1800
multiprocessing,601.3808479029976,1800
multiprocessing_numpy,535.8109900080017,1800
