name,time,lBits
serial,3219.3279599130037,2100
serial_numpy,3200.1715572079993,2100
multiprocessing,907.8858223410207,2100
multiprocessing_numpy,860.1012494140014,2100
