name,time,lBits
serial,5046.459218730044,2425
serial_numpy,4913.607789602014,2425
multiprocessing,1489.8745457430487,2425
multiprocessing_numpy,1295.2629382160376,2425
