name,time,lBits
serial,5944.331656164955,2700
serial_numpy,6202.363378929906,2700
multiprocessing,1796.8658253999893,2700
multiprocessing_numpy,1612.3430181089789,2700
