name,time,lBits
serial,417.68160434399033,1100
serial_numpy,426.59748515998945,1100
multiprocessing,148.874325028999,1100
multiprocessing_numpy,142.52321502999985,1100
