name,time,lBits
serial,599.5978287620092,1225
serial_numpy,621.7145221929968,1225
multiprocessing,206.92656514199916,1225
multiprocessing_numpy,197.80720490201202,1225
