name,time,lBits
serial,757.9936487709929,1325
serial_numpy,792.4665939029946,1325
multiprocessing,251.64883421300328,1325
multiprocessing_numpy,229.58439028800058,1325
