name,time,lBits
serial,1063.4040527220059,1475
serial_numpy,1072.1590978290042,1475
multiprocessing,333.64024095400237,1475
multiprocessing_numpy,307.5034320840059,1475
