name,time,lBits
serial,1912.9791916899849,1775
serial_numpy,1951.2981895050034,1775
multiprocessing,592.7235991760099,1775
multiprocessing_numpy,517.4139055520063,1775
