name,time,lBits
serial,2330.9659809610166,1875
serial_numpy,2302.4441901489918,1875
multiprocessing,700.1997641389898,1875
multiprocessing_numpy,611.1265052949893,1875
