name,time,lBits
serial,4325.656988787989,2300
serial_numpy,4270.511301891995,2300
multiprocessing,1210.1540541949798,2300
multiprocessing_numpy,1089.7636404079967,2300
