name,time,lBits
serial,5239.951798260969,2450
serial_numpy,5048.1581553799915,2450
multiprocessing,1425.9444366379757,2450
multiprocessing_numpy,1305.6294759839657,2450
