name,time,lBits
serial,5901.463143838046,2575
serial_numpy,6054.975518185005,2575
multiprocessing,1730.3359582429985,2575
multiprocessing_numpy,1518.9223655319656,2575
