name,time,lBits
serial,6325.489680343948,2600
serial_numpy,6158.214195290988,2600
multiprocessing,1779.8040650739567,2600
multiprocessing_numpy,1522.4189149810118,2600
