name,time,lBits
serial,1.276738114989712,150
serial_numpy,1.1550971909891814,150
multiprocessing,3.5727564570115646,150
multiprocessing_numpy,3.9348464000067906,150
