name,time,lBits
serial,351.55260992600233,1050
serial_numpy,363.1850098349969,1050
multiprocessing,135.09672587599198,1050
multiprocessing_numpy,126.73191880599188,1050
