name,time,lBits
serial,392.84797655200236,1075
serial_numpy,404.07644407798944,1075
multiprocessing,141.8097644590016,1075
multiprocessing_numpy,135.68824261899863,1075
