name,time,lBits
serial,349.7303601629974,1025
serial_numpy,327.4119592229981,1025
multiprocessing,121.19655362400226,1025
multiprocessing_numpy,122.38530232199992,1025
