name,time,lBits
serial,554.9307014189981,1175
serial_numpy,555.6301757879992,1175
multiprocessing,176.56495190899295,1175
multiprocessing_numpy,165.13837147699087,1175
