name,time,lBits
serial,546.2963185620029,1200
serial_numpy,525.4384094540001,1200
multiprocessing,200.72699891100638,1200
multiprocessing_numpy,182.55324615999416,1200
