name,time,lBits
serial,1036.6736452549958,1450
serial_numpy,1009.3186162280035,1450
multiprocessing,327.76756459800526,1450
multiprocessing_numpy,295.8974803250021,1450
