name,time,lBits
serial,1209.6130794170022,1525
serial_numpy,1183.4552017950045,1525
multiprocessing,362.1171937859908,1525
multiprocessing_numpy,335.6984774070006,1525
