name,time,lBits
serial,1358.1149055789865,1575
serial_numpy,1310.3170169450168,1575
multiprocessing,386.78429513500305,1575
multiprocessing_numpy,377.2007510679832,1575
