name,time,lBits
serial,1530.6190026190015,1650
serial_numpy,1535.7434162139834,1650
multiprocessing,452.8869812490011,1650
multiprocessing_numpy,428.0103912129998,1650
