name,time,lBits
serial,1614.53719326001,1675
serial_numpy,1636.7303812879836,1675
multiprocessing,476.88242407600046,1675
multiprocessing_numpy,454.16471529900446,1675
