name,time,lBits
serial,1412.5838726870134,1625
serial_numpy,1448.5332825960068,1625
multiprocessing,426.35251136298757,1625
multiprocessing_numpy,409.40033297400805,1625
