name,time,lBits
serial,1615.0850187729811,1700
serial_numpy,1623.8249297360016,1700
multiprocessing,500.16320153701236,1700
multiprocessing_numpy,473.5037691670004,1700
