name,time,lBits
serial,2322.7735542930022,1900
serial_numpy,2428.7569371569843,1900
multiprocessing,681.6506841729861,1900
multiprocessing_numpy,646.2261768780008,1900
