name,time,lBits
serial,2730.2928559379943,2000
serial_numpy,2720.4962334579905,2000
multiprocessing,796.6995945860108,2000
multiprocessing_numpy,728.7772438820102,2000
