name,time,lBits
serial,3867.580121817009,2225
serial_numpy,3876.9389923069975,2225
multiprocessing,1134.2122344959644,2225
multiprocessing_numpy,1015.3376056519919,2225
