name,time,lBits
serial,4489.4338679430075,2325
serial_numpy,4308.778007459012,2325
multiprocessing,1205.8388614319847,2325
multiprocessing_numpy,1131.0738627809915,2325
