name,time,lBits
serial,5258.999925139011,2475
serial_numpy,5140.432342971035,2475
multiprocessing,1474.9703781739809,2475
multiprocessing_numpy,1341.6361984789837,2475
