name,time,lBits
serial,5772.318772382045,2550
serial_numpy,5800.699997221003,2550
multiprocessing,1666.3457969250157,2550
multiprocessing_numpy,1436.3254316530074,2550
