name,time,lBits
serial,6537.1820127730025,2650
serial_numpy,6689.553234332998,2650
multiprocessing,1804.2581543429988,2650
multiprocessing_numpy,1657.1786906599882,2650
