name,time,lBits
serial,6318.596187471005,2625
serial_numpy,6427.829166073003,2625
multiprocessing,1804.3248724879813,2625
multiprocessing_numpy,1610.5601427700021,2625
