name,time,lBits
serial,6808.432391251903,2775
serial_numpy,6788.5842489959905,2775
multiprocessing,1954.327853064984,2775
multiprocessing_numpy,1719.0012039339636,2775
