name,time,lBits
serial,6520.4286750010215,2750
serial_numpy,6755.435069005005,2750
multiprocessing,1923.3784649100853,2750
multiprocessing_numpy,1708.3151746640215,2750
